<?xml version="1.0" encoding="iso-8859-1"?>
<sitepoint xmlns:spt="http://www.sitepoint.com">
    <spt:article>
        <spt:article_id>1</spt:article_id>
        <spt:title>Give me back my MySQL Command Line!</spt:title>
        <spt:body><p>One of the essential skills you must acquire to become proficient in the development of PHP/MySQL driven websites is a good understanding of Structured Query Language (SQL). In Chapter 2 of my article series, Build your own Database Driven Website using <a href="http://www.php.net">PHP</a> &amp; <a href="http://www.mysql.com">MySQL</a>, I focus on getting beginners comfortable with typing SQL queries on the MySQL command line.</p>
        <p>A common problem faced by people getting started with MySQL is that most Web hosts these days don't provide shell access to the server, nor do they allow remote connections to their MySQL servers. The net result is that the MySQL command line is not available to users of most Web hosts. To learn SQL, developers are often forced to install a MySQL server on their own computer just to have a command line to play with.</p>
        <p>In this article, I'll provide a convenient alternative -- a Web-based MySQL command line! Written in PHP, this script will let you type SQL queries into a text field and view the results or, in the case of error, any error messages generated.</p>
        <p>We'll look at each component of the script separately, and I'll provide the complete code at the end of the article, so focus on the code segment at hand, and we'll see how it all fits together at the end.</p></spt:body>
        <spt:author>KevinY</spt:author>
        <spt:published>1013554800</spt:published>
        <spt:public>1</spt:public>
    </spt:article>
    <spt:article>
        <spt:article_id>2</spt:article_id>
        <spt:title>Build your own Database Driven Website using PHP &amp; MySQL</spt:title>
        <spt:body><p>On the Web today, content is king. Once you've mastered HTML and learned a few neat tricks in JavaScript and Dynamic HTML, you can probably build a pretty impressive-looking Web site design. But then comes the time to fill that fancy page layout with some real information. Any site that successfully attracts repeat visitors has to have fresh and constantly-updated content. In the world of traditional site building, that means HTML files -- and lots of 'em.</p>
        <p>The problem is that, more often than not, the people who provide the content for a site are not the same people who handle its design. Oftentimes, the content provider doesn't even know HTML. How, then, is the content to get from the provider onto the Web site? Not every company can afford to staff a full-time Webmaster, and most Webmasters have better things to do than copying Word files into HTML templates anyway.</p>
        <p>Maintenance of a content-driven site can be a real pain, too. Many sites (perhaps yours?) feel locked into a dry, outdated design because rewriting those hundreds of HTML files to reflect a new design would take forever. Server-side includes (SSI's) can help alleviate the burden a little, but you still end up with hundreds of files that need to be maintained should you wish to make a fundamental change to your site.</p></spt:body>
        <spt:author>KevinY</spt:author>
        <spt:published>1033423200</spt:published>
        <spt:public>1</spt:public>
    </spt:article>
    <spt:article>
        <spt:article_id>3</spt:article_id>
        <spt:title>eZ publish: PHP's Killer App</spt:title>
        <spt:body><p>If you've ever trawled the PHP listings over at Hotscripts in search of a content management system to save you from writing your own, you've probably run into eZ publish, a PHP-based CMS application, and thought "Wow!" Jubilant, you tried to install it... to no avail. Desperately you tried reading the code, only to discover it made no sense whatsoever. Finally you skulked away to a quiet corner to lick your wounds, resorting to PHP Nuke instead.</p>
        <p>This series is all about <a href="http://developer.ez.no">eZ publish</a> and why it deserves the title of "PHP's killer app". We'll start from the ground up: first, we'll install eZ publish in your development environment. Then, we'll learn how to make use of its features, and customise it to your specific needs. Finally, we'll take a look under the hood, to discover what makes eZ publish tick: how eZ publish is in fact a powerful tool to help you build your own Web-based applications.</p>
        <p>By the end, you'll be able not only to set up and customise your own eZ publish Website, but to build your own applications to run within eZ publish.</p></spt:body>
        <spt:author>HarryF</spt:author>
        <spt:published>1036450800</spt:published>
        <spt:public>0</spt:public>
    </spt:article>
</sitepoint>
