<?xml version="1.0"?>
<rdf:RDF xmlns:rdf="http://www.w3.org/1999/02/22-rdf-syntax-ns#"
  xmlns="http://purl.org/rss/1.0/">
  <channel rdf:about="http://www.sitepoint.com/about/">
    <title>Sitepoint</title>
    <link>http://www.sitepoint.com</link>
    <description>Empowering Web Developers since 1997</description>
    <image
      rdf:resource="http://www.sitepoint.com/images/sitepoint-logo.gif"/>
    <textinput rdf:resource="http://www.sitepoint.com/search/search.php"/>
    <items>
      <rdf:seq>
        <rdf:li resource="http://www.sitepoint.com/article/1051"/>
        <rdf:li resource="http://www.sitepoint.com/article/974"/>
      </rdf:seq>
    </items>
  </channel>
  <image rdf:about="http://www.sitepoint.com/images/sitepoint-logo.gif">
    <title>Sitepoint</title>
    <url>http://www.sitepoint.com/images/sitepoint-logo.gif</url>
    <link>http://www.sitepoint.com</link>
  </image>
  <item rdf:about="http://www.sitepoint.com/article/1051">
    <title>Verify a User's Email Address Using PHP</title>
    <link>http://www.sitepoint.com/article/1051</link>
    <description>So you published a registration page on your site... 
          and all you get is fake email addresses? Joe shows how to use
          PHP's checkdnsrr function to ensure the mail domain exists,
          and those addresses are valid.</description>
  </item>
  <item rdf:about="http://www.sitepoint.com/article/974">
    <title>Using Regular Expressions in PHP</title>
    <link>http://www.sitepoint.com/article/974</link>
    <description>Are you getting stuck on PHP's regular expressions?
          Look no further than James' down-and-dirty how-to, which tells
          you all the basics you need to know, and shows how to put them
          to good use!</description>
  </item>
  <textinput rdf:about="http://www.sitepoint.com/search/search.php">
    <title>Search</title>
    <description>Search Sitepoint...</description>
    <name>q</name>
    <link>http://www.sitepoint.com/search/search.php</link>
  </textinput>
</rdf:RDF>
