<?xml version="1.0" encoding="utf-8"?><rdf:RDF
	xmlns:rdf="http://www.w3.org/1999/02/22-rdf-syntax-ns#"
	xmlns="http://purl.org/rss/1.0/">

	<channel rdf:about="http://www.sitepoint.com/rss.php">
		<title>SitePoint.com</title>
		<description>Master the Web!</description>
		<link>http://www.sitepoint.com/</link>

		<items>
			<rdf:Seq>
								<rdf:li rdf:resource="http://www.sitepoint.com/article/1040" />
								<rdf:li rdf:resource="http://www.sitepoint.com/article/1037" />
								<rdf:li rdf:resource="http://www.sitepoint.com/article/1047" />
								<rdf:li rdf:resource="http://www.sitepoint.com/article/1038" />
								<rdf:li rdf:resource="http://www.sitepoint.com/article/1039" />
								<rdf:li rdf:resource="http://www.sitepoint.com/article/1040" />
								<rdf:li rdf:resource="http://www.sitepoint.com/article/1051" />
								<rdf:li rdf:resource="http://www.sitepoint.com/article/1037" />
							</rdf:Seq>
		</items>
	</channel>
	
		<item rdf:about="http://www.sitepoint.com/article/1040">
		<title>Link Popularity - The 'Other' Business Benefits</title>
		<description>You thought link popularity was all about your Google PageRank? Think again! Ken explains the real benefits to be gained from a well-planned link strategy - and how to create one!</description>
		<link>http://www.sitepoint.com/article/1040</link>
	</item>
		<item rdf:about="http://www.sitepoint.com/article/1037">
		<title>Using The Tabular Data Control in Internet Explorer</title>
		<description>The Tabular Data Control is an ActiveX control that's built into Internet Explorer. Premshree explains what it does, and how to manipulate it in JavaScript.</description>
		<link>http://www.sitepoint.com/article/1037</link>
	</item>
		<item rdf:about="http://www.sitepoint.com/article/1047">
		<title>Practical Web Design - Pop-Ups: Malign or Maligned?</title>
		<description>The lowly pop-up's had some bad press, but is that any reason to sideline this handy functionality? Mike explains just what the popup can do, and how you can use it to make your site more enjoyable for visitors.</description>
		<link>http://www.sitepoint.com/article/1047</link>
	</item>
		<item rdf:about="http://www.sitepoint.com/article/1038">
		<title>Web Application Development - A Guide to Success</title>
		<description>Web applications are the way of the future! Jump aboard the bandwagon as Caesar explains the Web App development process from go to woah.</description>
		<link>http://www.sitepoint.com/article/1038</link>
	</item>
		<item rdf:about="http://www.sitepoint.com/article/1039">
		<title>Top 7 Usability Blunders Of The Big Players</title>
		<description>Thanks to the likes of Krug and Nielsen, usability is on every site owner's agenda ...but guess who *still* hasn't caught on? Philippe reveals 7 big players who have fallen into some of the most basic usability traps, and provides tips to ensure your site doesn't suffer the same embarrassing mistakes!</description>
		<link>http://www.sitepoint.com/article/1039</link>
	</item>
		<item rdf:about="http://www.sitepoint.com/article/1040">
		<title>Link Popularity - The 'Other' Business Benefits</title>
		<description>You thought link popularity was all about your Google PageRank? Think again! Ken explains the real benefits to be gained from a well-planned link strategy - and how to create one!</description>
		<link>http://www.sitepoint.com/article/1040</link>
	</item>
		<item rdf:about="http://www.sitepoint.com/article/1051">
		<title>Verify a User's Email Address Using PHP</title>
		<description>So you published a registration page on your site... and all you get is fake email addresses? Joe shows how to use PHP's checkdnsrr function to ensure the mail domain exists, and those addresses are valid.</description>
		<link>http://www.sitepoint.com/article/1051</link>
	</item>
		<item rdf:about="http://www.sitepoint.com/article/1037">
		<title>Using The Tabular Data Control in Internet Explorer</title>
		<description>The Tabular Data Control is an ActiveX control that's built into Internet Explorer. Premshree explains what it does, and how to manipulate it in JavaScript.</description>
		<link>http://www.sitepoint.com/article/1037</link>
	</item>
		
</rdf:RDF>