Service, Operation, UsageType, Resource, StartTime, EndTime, UsageValue
AmazonS3,StandardStorage,TimedStorage-ByteHrs,atetlaw-sitepoint-book-thumbs,07/01/10 11:00:00,07/01/10 12:00:00,2220336
AmazonS3,StandardStorage,TimedStorage-ByteHrs,atetlaw-sitepoint-book,07/01/10 11:00:00,07/01/10 12:00:00,14505443952
AmazonS3,StandardStorage,StorageObjectCount,atetlaw-sitepoint-book-thumbs,07/01/10 11:00:00,07/01/10 12:00:00,2
AmazonS3,StandardStorage,StorageObjectCount,atetlaw-sitepoint-book,07/01/10 11:00:00,07/01/10 12:00:00,111
AmazonS3,StandardStorage,TimedStorage-ByteHrs,atetlaw-sitepoint-book-thumbs,07/02/10 09:00:00,07/02/10 10:00:00,2220336
AmazonS3,StandardStorage,TimedStorage-ByteHrs,atetlaw-sitepoint-book,07/02/10 09:00:00,07/02/10 10:00:00,14505443952
AmazonS3,StandardStorage,StorageObjectCount,atetlaw-sitepoint-book-thumbs,07/02/10 09:00:00,07/02/10 10:00:00,2
AmazonS3,StandardStorage,StorageObjectCount,atetlaw-sitepoint-book,07/02/10 09:00:00,07/02/10 10:00:00,111
AmazonS3,StandardStorage,StorageObjectCount,atetlaw-sitepoint-book,07/03/10 09:00:00,07/03/10 10:00:00,111
AmazonS3,StandardStorage,TimedStorage-ByteHrs,atetlaw-sitepoint-book-thumbs,07/03/10 09:00:00,07/03/10 10:00:00,2220336
AmazonS3,StandardStorage,TimedStorage-ByteHrs,atetlaw-sitepoint-book,07/03/10 09:00:00,07/03/10 10:00:00,14505443952
AmazonS3,StandardStorage,StorageObjectCount,atetlaw-sitepoint-book-thumbs,07/03/10 09:00:00,07/03/10 10:00:00,2
AmazonS3,StandardStorage,StorageObjectCount,atetlaw-sitepoint-book-thumbs,07/04/10 10:00:00,07/04/10 11:00:00,2
AmazonS3,StandardStorage,StorageObjectCount,atetlaw-sitepoint-book,07/04/10 10:00:00,07/04/10 11:00:00,111
AmazonS3,StandardStorage,TimedStorage-ByteHrs,atetlaw-sitepoint-book-thumbs,07/04/10 10:00:00,07/04/10 11:00:00,2220336
AmazonS3,StandardStorage,TimedStorage-ByteHrs,atetlaw-sitepoint-book,07/04/10 10:00:00,07/04/10 11:00:00,14505443952
AmazonS3,StandardStorage,TimedStorage-ByteHrs,atetlaw-sitepoint-book-thumbs,07/05/10 11:00:00,07/05/10 12:00:00,2220336
AmazonS3,StandardStorage,TimedStorage-ByteHrs,atetlaw-sitepoint-book,07/05/10 11:00:00,07/05/10 12:00:00,14505443952
AmazonS3,StandardStorage,StorageObjectCount,atetlaw-sitepoint-book-thumbs,07/05/10 11:00:00,07/05/10 12:00:00,2
AmazonS3,StandardStorage,StorageObjectCount,atetlaw-sitepoint-book,07/05/10 11:00:00,07/05/10 12:00:00,111
AmazonS3,StandardStorage,TimedStorage-ByteHrs,atetlaw-sitepoint-book-thumbs,07/06/10 11:00:00,07/06/10 12:00:00,2220336
AmazonS3,StandardStorage,TimedStorage-ByteHrs,atetlaw-sitepoint-book,07/06/10 11:00:00,07/06/10 12:00:00,14505443952
AmazonS3,StandardStorage,StorageObjectCount,atetlaw-sitepoint-book-thumbs,07/06/10 11:00:00,07/06/10 12:00:00,2
AmazonS3,StandardStorage,StorageObjectCount,atetlaw-sitepoint-book,07/06/10 11:00:00,07/06/10 12:00:00,111
AmazonS3,StandardStorage,StorageObjectCount,atetlaw-sitepoint-book,07/07/10 12:00:00,07/07/10 13:00:00,111
AmazonS3,StandardStorage,TimedStorage-ByteHrs,atetlaw-sitepoint-book-thumbs,07/07/10 12:00:00,07/07/10 13:00:00,2220336
AmazonS3,StandardStorage,TimedStorage-ByteHrs,atetlaw-sitepoint-book,07/07/10 12:00:00,07/07/10 13:00:00,14505443952
AmazonS3,StandardStorage,StorageObjectCount,atetlaw-sitepoint-book-thumbs,07/07/10 12:00:00,07/07/10 13:00:00,2
AmazonS3,CreateBucket,DataTransfer-In-Bytes,[Error:NotSignedUp],07/08/10 06:00:00,07/08/10 07:00:00,98
AmazonS3,CreateBucket,DataTransfer-In-Bytes,[Error:InvalidLocationConstraint],07/08/10 06:00:00,07/08/10 07:00:00,294
AmazonS3,CreateBucket,Requests-Tier1,[Error:NotSignedUp],07/08/10 06:00:00,07/08/10 07:00:00,1
AmazonS3,CreateBucket,Requests-Tier1,[Error:InvalidLocationConstraint],07/08/10 06:00:00,07/08/10 07:00:00,3
AmazonS3,CreateBucket,DataTransfer-Out-Bytes,[Error:NotSignedUp],07/08/10 06:00:00,07/08/10 07:00:00,306
AmazonS3,CreateBucket,DataTransfer-Out-Bytes,[Error:InvalidLocationConstraint],07/08/10 06:00:00,07/08/10 07:00:00,960
AmazonS3,CreateBucket,Requests-Tier1,testing-new-bucket-awesomesauce,07/08/10 07:00:00,07/08/10 08:00:00,1
AmazonS3,ListAllMyBuckets,DataTransfer-Out-Bytes,,07/08/10 07:00:00,07/08/10 08:00:00,2472
AmazonS3,ListAllMyBuckets,Requests-Tier1,,07/08/10 07:00:00,07/08/10 08:00:00,2
AmazonS3,CreateBucket,Requests-Tier1,testing-sitepoint-book,07/08/10 07:00:00,07/08/10 08:00:00,1
AmazonS3,StandardStorage,TimedStorage-ByteHrs,atetlaw-sitepoint-book,07/08/10 11:00:00,07/08/10 12:00:00,14505443952
AmazonS3,StandardStorage,StorageObjectCount,atetlaw-sitepoint-book-thumbs,07/08/10 11:00:00,07/08/10 12:00:00,2
AmazonS3,StandardStorage,StorageObjectCount,atetlaw-sitepoint-book,07/08/10 11:00:00,07/08/10 12:00:00,111
AmazonS3,StandardStorage,TimedStorage-ByteHrs,atetlaw-sitepoint-book-thumbs,07/08/10 11:00:00,07/08/10 12:00:00,2220336
AmazonS3,ListAllMyBuckets,Requests-Tier1,,07/09/10 00:00:00,07/09/10 01:00:00,1
AmazonS3,ListAllMyBuckets,DataTransfer-Out-Bytes,,07/09/10 00:00:00,07/09/10 01:00:00,1236
AmazonS3,ListBucket,DataTransfer-Out-Bytes,atetlaw-sitepoint-book,07/09/10 01:00:00,07/09/10 02:00:00,96499
AmazonS3,ListBucket,Requests-Tier1,testing-sitepoint-book,07/09/10 01:00:00,07/09/10 02:00:00,6
AmazonS3,ListAllMyBuckets,DataTransfer-Out-Bytes,,07/09/10 01:00:00,07/09/10 02:00:00,10326
AmazonS3,ListBucket,Requests-Tier1,atetlaw-sitepoint-book,07/09/10 01:00:00,07/09/10 02:00:00,3
AmazonS3,ListAllMyBuckets,Requests-Tier1,,07/09/10 01:00:00,07/09/10 02:00:00,8
AmazonS3,CreateBucket,Requests-Tier1,s3hub-9d89a8ecabeedc68ff2c6c0a4bf5c6cac2d037c1bdd6b820d92e368a7,07/09/10 01:00:00,07/09/10 02:00:00,1
AmazonS3,ListBucket,DataTransfer-Out-Bytes,testing-sitepoint-book,07/09/10 01:00:00,07/09/10 02:00:00,1512
AmazonS3,GetObject,DataTransfer-Out-Bytes,atetlaw-sitepoint-book-thumbs,07/09/10 03:00:00,07/09/10 04:00:00,92422
AmazonS3,ListBucket,Requests-Tier1,atetlaw-sitepoint-book-thumbs,07/09/10 03:00:00,07/09/10 04:00:00,1
AmazonS3,ListBucket,Requests-Tier1,atetlaw-sitepoint-book,07/09/10 03:00:00,07/09/10 04:00:00,4
AmazonS3,ListBucket,DataTransfer-Out-Bytes,testing-sitepoint-book,07/09/10 03:00:00,07/09/10 04:00:00,248
AmazonS3,ListBucket,DataTransfer-Out-Bytes,atetlaw-sitepoint-book-thumbs,07/09/10 03:00:00,07/09/10 04:00:00,941
AmazonS3,GetObject,Requests-Tier2,atetlaw-sitepoint-book-thumbs,07/09/10 03:00:00,07/09/10 04:00:00,2
AmazonS3,ListBucket,DataTransfer-Out-Bytes,atetlaw-sitepoint-book,07/09/10 03:00:00,07/09/10 04:00:00,158016
AmazonS3,ListBucket,Requests-Tier1,testing-sitepoint-book,07/09/10 03:00:00,07/09/10 04:00:00,1
AmazonS3,ListBucket,Requests-Tier1,testing-sitepoint-book,07/09/10 04:00:00,07/09/10 05:00:00,1
AmazonS3,GetObject,DataTransfer-Out-Bytes,atetlaw-sitepoint-book,07/09/10 04:00:00,07/09/10 05:00:00,4600706
AmazonS3,ListBucket,Requests-Tier1,atetlaw-sitepoint-book,07/09/10 04:00:00,07/09/10 05:00:00,1
AmazonS3,PutObject,DataTransfer-In-Bytes,testing-sitepoint-book,07/09/10 04:00:00,07/09/10 05:00:00,357
AmazonS3,ListAllMyBuckets,Requests-Tier1,,07/09/10 04:00:00,07/09/10 05:00:00,416
AmazonS3,GetObject,Requests-Tier2,atetlaw-sitepoint-book,07/09/10 04:00:00,07/09/10 05:00:00,23
AmazonS3,PutObject,DataTransfer-In-Bytes,atetlaw-sitepoint-book-thumbs,07/09/10 04:00:00,07/09/10 05:00:00,1796245
AmazonS3,ListBucket,DataTransfer-Out-Bytes,testing-sitepoint-book,07/09/10 04:00:00,07/09/10 05:00:00,588
AmazonS3,PutObject,Requests-Tier1,testing-sitepoint-book,07/09/10 04:00:00,07/09/10 05:00:00,1
AmazonS3,ListBucket,DataTransfer-Out-Bytes,atetlaw-sitepoint-book,07/09/10 04:00:00,07/09/10 05:00:00,39504
AmazonS3,PutObject,Requests-Tier1,atetlaw-sitepoint-book-thumbs,07/09/10 04:00:00,07/09/10 05:00:00,23
AmazonS3,ListAllMyBuckets,DataTransfer-Out-Bytes,,07/09/10 04:00:00,07/09/10 05:00:00,574912
AmazonS3,StandardStorage,StorageObjectCount,atetlaw-sitepoint-book-thumbs,07/09/10 10:00:00,07/09/10 11:00:00,2
AmazonS3,StandardStorage,StorageObjectCount,atetlaw-sitepoint-book,07/09/10 10:00:00,07/09/10 11:00:00,111
AmazonS3,StandardStorage,TimedStorage-ByteHrs,testing-sitepoint-book,07/09/10 10:00:00,07/09/10 11:00:00,9480
AmazonS3,StandardStorage,TimedStorage-ByteHrs,atetlaw-sitepoint-book-thumbs,07/09/10 10:00:00,07/09/10 11:00:00,2220336
AmazonS3,StandardStorage,TimedStorage-ByteHrs,atetlaw-sitepoint-book,07/09/10 10:00:00,07/09/10 11:00:00,14505443952
AmazonS3,StandardStorage,StorageObjectCount,testing-sitepoint-book,07/09/10 10:00:00,07/09/10 11:00:00,1
AmazonS3,StandardStorage,StorageObjectCount,atetlaw-sitepoint-book,07/10/10 11:00:00,07/10/10 12:00:00,111
AmazonS3,StandardStorage,TimedStorage-ByteHrs,testing-sitepoint-book,07/10/10 11:00:00,07/10/10 12:00:00,9480
AmazonS3,StandardStorage,TimedStorage-ByteHrs,atetlaw-sitepoint-book-thumbs,07/10/10 11:00:00,07/10/10 12:00:00,43147248
AmazonS3,StandardStorage,TimedStorage-ByteHrs,atetlaw-sitepoint-book,07/10/10 11:00:00,07/10/10 12:00:00,14505443952
AmazonS3,StandardStorage,StorageObjectCount,testing-sitepoint-book,07/10/10 11:00:00,07/10/10 12:00:00,1
AmazonS3,StandardStorage,StorageObjectCount,atetlaw-sitepoint-book-thumbs,07/10/10 11:00:00,07/10/10 12:00:00,23
AmazonS3,StandardStorage,StorageObjectCount,atetlaw-sitepoint-book,07/11/10 11:00:00,07/11/10 12:00:00,111
AmazonS3,StandardStorage,TimedStorage-ByteHrs,testing-sitepoint-book,07/11/10 11:00:00,07/11/10 12:00:00,9480
AmazonS3,StandardStorage,TimedStorage-ByteHrs,atetlaw-sitepoint-book-thumbs,07/11/10 11:00:00,07/11/10 12:00:00,43147248
AmazonS3,StandardStorage,TimedStorage-ByteHrs,atetlaw-sitepoint-book,07/11/10 11:00:00,07/11/10 12:00:00,14505443952
AmazonS3,StandardStorage,StorageObjectCount,testing-sitepoint-book,07/11/10 11:00:00,07/11/10 12:00:00,1
AmazonS3,StandardStorage,StorageObjectCount,atetlaw-sitepoint-book-thumbs,07/11/10 11:00:00,07/11/10 12:00:00,23
AmazonS3,HeadObject,Requests-Tier2,s3hub-9d89a8ecabeedc68ff2c6c0a4bf5c6cac2d037c1bdd6b820d92e368a7,07/12/10 01:00:00,07/12/10 02:00:00,1
AmazonS3,ListAllMyBuckets,Requests-Tier1,,07/12/10 01:00:00,07/12/10 02:00:00,1
AmazonS3,CreateBucket,Requests-Tier1,s3hub-9d89a8ecabeedc68ff2c6c0a4bf5c6cac2d037c1bdd6b820d92e368a7,07/12/10 01:00:00,07/12/10 02:00:00,1
AmazonS3,ListAllMyBuckets,DataTransfer-Out-Bytes,,07/12/10 01:00:00,07/12/10 02:00:00,1382
AmazonS3,HeadObject,DataTransfer-Out-Bytes,s3hub-9d89a8ecabeedc68ff2c6c0a4bf5c6cac2d037c1bdd6b820d92e368a7,07/12/10 01:00:00,07/12/10 02:00:00,269
AmazonS3,StandardStorage,TimedStorage-ByteHrs,testing-sitepoint-book,07/12/10 09:00:00,07/12/10 10:00:00,9480
AmazonS3,StandardStorage,TimedStorage-ByteHrs,atetlaw-sitepoint-book-thumbs,07/12/10 09:00:00,07/12/10 10:00:00,43147248
AmazonS3,StandardStorage,TimedStorage-ByteHrs,atetlaw-sitepoint-book,07/12/10 09:00:00,07/12/10 10:00:00,14505443952
AmazonS3,StandardStorage,StorageObjectCount,testing-sitepoint-book,07/12/10 09:00:00,07/12/10 10:00:00,1
AmazonS3,StandardStorage,StorageObjectCount,atetlaw-sitepoint-book-thumbs,07/12/10 09:00:00,07/12/10 10:00:00,23
AmazonS3,StandardStorage,StorageObjectCount,atetlaw-sitepoint-book,07/12/10 09:00:00,07/12/10 10:00:00,111
AmazonS3,StandardStorage,TimedStorage-ByteHrs,atetlaw-sitepoint-book-thumbs,07/13/10 10:00:00,07/13/10 11:00:00,43147248
AmazonS3,StandardStorage,TimedStorage-ByteHrs,atetlaw-sitepoint-book,07/13/10 10:00:00,07/13/10 11:00:00,14505443952
AmazonS3,StandardStorage,StorageObjectCount,testing-sitepoint-book,07/13/10 10:00:00,07/13/10 11:00:00,1
AmazonS3,StandardStorage,StorageObjectCount,atetlaw-sitepoint-book-thumbs,07/13/10 10:00:00,07/13/10 11:00:00,23
AmazonS3,StandardStorage,StorageObjectCount,atetlaw-sitepoint-book,07/13/10 10:00:00,07/13/10 11:00:00,111
AmazonS3,StandardStorage,TimedStorage-ByteHrs,testing-sitepoint-book,07/13/10 10:00:00,07/13/10 11:00:00,9480
AmazonS3,ReadLocation,Requests-Tier2,atetlaw-sitepoint-book,07/14/10 04:00:00,07/14/10 05:00:00,1
AmazonS3,ListBucket,DataTransfer-Out-Bytes,atetlaw-sitepoint-book-thumbs,07/14/10 04:00:00,07/14/10 05:00:00,8654
AmazonS3,GetObject,Requests-Tier2,atetlaw-sitepoint-book-thumbs,07/14/10 04:00:00,07/14/10 05:00:00,23
AmazonS3,ListBucket,DataTransfer-Out-Bytes,atetlaw-sitepoint-book,07/14/10 04:00:00,07/14/10 05:00:00,136002
AmazonS3,ListBucket,Requests-Tier1,atetlaw-sitepoint-book-thumbs,07/14/10 04:00:00,07/14/10 05:00:00,1
AmazonS3,ListAllMyBuckets,DataTransfer-Out-Bytes,,07/14/10 04:00:00,07/14/10 05:00:00,1382
AmazonS3,ListBucket,Requests-Tier1,atetlaw-sitepoint-book,07/14/10 04:00:00,07/14/10 05:00:00,4
AmazonS3,GetObject,DataTransfer-Out-Bytes,atetlaw-sitepoint-book-thumbs,07/14/10 04:00:00,07/14/10 05:00:00,1796245
AmazonS3,ListAllMyBuckets,Requests-Tier1,,07/14/10 04:00:00,07/14/10 05:00:00,1
AmazonS3,ReadLocation,DataTransfer-Out-Bytes,atetlaw-sitepoint-book,07/14/10 04:00:00,07/14/10 05:00:00,108
AmazonS3,StandardStorage,TimedStorage-ByteHrs,atetlaw-sitepoint-book-thumbs,07/14/10 11:00:00,07/14/10 12:00:00,43147248
AmazonS3,StandardStorage,TimedStorage-ByteHrs,atetlaw-sitepoint-book,07/14/10 11:00:00,07/14/10 12:00:00,14505443952
AmazonS3,StandardStorage,StorageObjectCount,testing-sitepoint-book,07/14/10 11:00:00,07/14/10 12:00:00,1
AmazonS3,StandardStorage,StorageObjectCount,atetlaw-sitepoint-book-thumbs,07/14/10 11:00:00,07/14/10 12:00:00,23
AmazonS3,StandardStorage,StorageObjectCount,atetlaw-sitepoint-book,07/14/10 11:00:00,07/14/10 12:00:00,111
AmazonS3,StandardStorage,TimedStorage-ByteHrs,testing-sitepoint-book,07/14/10 11:00:00,07/14/10 12:00:00,9480
AmazonS3,StandardStorage,TimedStorage-ByteHrs,atetlaw-sitepoint-book,07/15/10 10:00:00,07/15/10 11:00:00,14505443952
AmazonS3,StandardStorage,StorageObjectCount,testing-sitepoint-book,07/15/10 10:00:00,07/15/10 11:00:00,1
AmazonS3,StandardStorage,StorageObjectCount,atetlaw-sitepoint-book-thumbs,07/15/10 10:00:00,07/15/10 11:00:00,23
AmazonS3,StandardStorage,StorageObjectCount,atetlaw-sitepoint-book,07/15/10 10:00:00,07/15/10 11:00:00,111
AmazonS3,StandardStorage,TimedStorage-ByteHrs,testing-sitepoint-book,07/15/10 10:00:00,07/15/10 11:00:00,9480
AmazonS3,StandardStorage,TimedStorage-ByteHrs,atetlaw-sitepoint-book-thumbs,07/15/10 10:00:00,07/15/10 11:00:00,43147248
AmazonS3,StandardStorage,TimedStorage-ByteHrs,atetlaw-sitepoint-book,07/16/10 09:00:00,07/16/10 10:00:00,14505443952
AmazonS3,StandardStorage,StorageObjectCount,testing-sitepoint-book,07/16/10 09:00:00,07/16/10 10:00:00,1
AmazonS3,StandardStorage,StorageObjectCount,atetlaw-sitepoint-book-thumbs,07/16/10 09:00:00,07/16/10 10:00:00,23
AmazonS3,StandardStorage,StorageObjectCount,atetlaw-sitepoint-book,07/16/10 09:00:00,07/16/10 10:00:00,111
AmazonS3,StandardStorage,TimedStorage-ByteHrs,testing-sitepoint-book,07/16/10 09:00:00,07/16/10 10:00:00,9480
AmazonS3,StandardStorage,TimedStorage-ByteHrs,atetlaw-sitepoint-book-thumbs,07/16/10 09:00:00,07/16/10 10:00:00,43147248
AmazonS3,StandardStorage,StorageObjectCount,testing-sitepoint-book,07/17/10 09:00:00,07/17/10 10:00:00,1
AmazonS3,StandardStorage,StorageObjectCount,atetlaw-sitepoint-book-thumbs,07/17/10 09:00:00,07/17/10 10:00:00,23
AmazonS3,StandardStorage,StorageObjectCount,atetlaw-sitepoint-book,07/17/10 09:00:00,07/17/10 10:00:00,111
AmazonS3,StandardStorage,TimedStorage-ByteHrs,testing-sitepoint-book,07/17/10 09:00:00,07/17/10 10:00:00,9480
AmazonS3,StandardStorage,TimedStorage-ByteHrs,atetlaw-sitepoint-book-thumbs,07/17/10 09:00:00,07/17/10 10:00:00,43147248
AmazonS3,StandardStorage,TimedStorage-ByteHrs,atetlaw-sitepoint-book,07/17/10 09:00:00,07/17/10 10:00:00,14505443952
AmazonS3,StandardStorage,StorageObjectCount,atetlaw-sitepoint-book-thumbs,07/18/10 10:00:00,07/18/10 11:00:00,23
AmazonS3,StandardStorage,StorageObjectCount,atetlaw-sitepoint-book,07/18/10 10:00:00,07/18/10 11:00:00,111
AmazonS3,StandardStorage,TimedStorage-ByteHrs,testing-sitepoint-book,07/18/10 10:00:00,07/18/10 11:00:00,9480
AmazonS3,StandardStorage,TimedStorage-ByteHrs,atetlaw-sitepoint-book-thumbs,07/18/10 10:00:00,07/18/10 11:00:00,43147248
AmazonS3,StandardStorage,TimedStorage-ByteHrs,atetlaw-sitepoint-book,07/18/10 10:00:00,07/18/10 11:00:00,14505443952
AmazonS3,StandardStorage,StorageObjectCount,testing-sitepoint-book,07/18/10 10:00:00,07/18/10 11:00:00,1
AmazonS3,StandardStorage,StorageObjectCount,atetlaw-sitepoint-book-thumbs,07/19/10 09:00:00,07/19/10 10:00:00,23
AmazonS3,StandardStorage,StorageObjectCount,atetlaw-sitepoint-book,07/19/10 09:00:00,07/19/10 10:00:00,111
AmazonS3,StandardStorage,TimedStorage-ByteHrs,testing-sitepoint-book,07/19/10 09:00:00,07/19/10 10:00:00,9480
AmazonS3,StandardStorage,TimedStorage-ByteHrs,atetlaw-sitepoint-book-thumbs,07/19/10 09:00:00,07/19/10 10:00:00,43147248
AmazonS3,StandardStorage,TimedStorage-ByteHrs,atetlaw-sitepoint-book,07/19/10 09:00:00,07/19/10 10:00:00,14505443952
AmazonS3,StandardStorage,StorageObjectCount,testing-sitepoint-book,07/19/10 09:00:00,07/19/10 10:00:00,1
AmazonS3,StandardStorage,StorageObjectCount,atetlaw-sitepoint-book,07/20/10 09:00:00,07/20/10 10:00:00,111
AmazonS3,StandardStorage,TimedStorage-ByteHrs,testing-sitepoint-book,07/20/10 09:00:00,07/20/10 10:00:00,9480
AmazonS3,StandardStorage,TimedStorage-ByteHrs,atetlaw-sitepoint-book-thumbs,07/20/10 09:00:00,07/20/10 10:00:00,43147248
AmazonS3,StandardStorage,TimedStorage-ByteHrs,atetlaw-sitepoint-book,07/20/10 09:00:00,07/20/10 10:00:00,14505443952
AmazonS3,StandardStorage,StorageObjectCount,testing-sitepoint-book,07/20/10 09:00:00,07/20/10 10:00:00,1
AmazonS3,StandardStorage,StorageObjectCount,atetlaw-sitepoint-book-thumbs,07/20/10 09:00:00,07/20/10 10:00:00,23
AmazonS3,StandardStorage,TimedStorage-ByteHrs,testing-sitepoint-book,07/21/10 11:00:00,07/21/10 12:00:00,9480
AmazonS3,StandardStorage,TimedStorage-ByteHrs,atetlaw-sitepoint-book-thumbs,07/21/10 11:00:00,07/21/10 12:00:00,43147248
AmazonS3,StandardStorage,TimedStorage-ByteHrs,atetlaw-sitepoint-book,07/21/10 11:00:00,07/21/10 12:00:00,14505443952
AmazonS3,StandardStorage,StorageObjectCount,testing-sitepoint-book,07/21/10 11:00:00,07/21/10 12:00:00,1
AmazonS3,StandardStorage,StorageObjectCount,atetlaw-sitepoint-book-thumbs,07/21/10 11:00:00,07/21/10 12:00:00,23
AmazonS3,StandardStorage,StorageObjectCount,atetlaw-sitepoint-book,07/21/10 11:00:00,07/21/10 12:00:00,111
AmazonS3,StandardStorage,TimedStorage-ByteHrs,atetlaw-sitepoint-book-thumbs,07/22/10 09:00:00,07/22/10 10:00:00,43147248
AmazonS3,StandardStorage,TimedStorage-ByteHrs,atetlaw-sitepoint-book,07/22/10 09:00:00,07/22/10 10:00:00,14505443952
AmazonS3,StandardStorage,StorageObjectCount,testing-sitepoint-book,07/22/10 09:00:00,07/22/10 10:00:00,1
AmazonS3,StandardStorage,StorageObjectCount,atetlaw-sitepoint-book-thumbs,07/22/10 09:00:00,07/22/10 10:00:00,23
AmazonS3,StandardStorage,StorageObjectCount,atetlaw-sitepoint-book,07/22/10 09:00:00,07/22/10 10:00:00,111
AmazonS3,StandardStorage,TimedStorage-ByteHrs,testing-sitepoint-book,07/22/10 09:00:00,07/22/10 10:00:00,9480
AmazonS3,StandardStorage,TimedStorage-ByteHrs,atetlaw-sitepoint-book,07/23/10 10:00:00,07/23/10 11:00:00,14505443952
AmazonS3,StandardStorage,StorageObjectCount,testing-sitepoint-book,07/23/10 10:00:00,07/23/10 11:00:00,1
AmazonS3,StandardStorage,StorageObjectCount,atetlaw-sitepoint-book-thumbs,07/23/10 10:00:00,07/23/10 11:00:00,23
AmazonS3,StandardStorage,StorageObjectCount,atetlaw-sitepoint-book,07/23/10 10:00:00,07/23/10 11:00:00,111
AmazonS3,StandardStorage,TimedStorage-ByteHrs,testing-sitepoint-book,07/23/10 10:00:00,07/23/10 11:00:00,9480
AmazonS3,StandardStorage,TimedStorage-ByteHrs,atetlaw-sitepoint-book-thumbs,07/23/10 10:00:00,07/23/10 11:00:00,43147248
AmazonS3,StandardStorage,TimedStorage-ByteHrs,atetlaw-sitepoint-book,07/24/10 11:00:00,07/24/10 12:00:00,14505443952
AmazonS3,StandardStorage,StorageObjectCount,testing-sitepoint-book,07/24/10 11:00:00,07/24/10 12:00:00,1
AmazonS3,StandardStorage,StorageObjectCount,atetlaw-sitepoint-book-thumbs,07/24/10 11:00:00,07/24/10 12:00:00,23
AmazonS3,StandardStorage,StorageObjectCount,atetlaw-sitepoint-book,07/24/10 11:00:00,07/24/10 12:00:00,111
AmazonS3,StandardStorage,TimedStorage-ByteHrs,testing-sitepoint-book,07/24/10 11:00:00,07/24/10 12:00:00,9480
AmazonS3,StandardStorage,TimedStorage-ByteHrs,atetlaw-sitepoint-book-thumbs,07/24/10 11:00:00,07/24/10 12:00:00,43147248
AmazonS3,StandardStorage,StorageObjectCount,testing-sitepoint-book,07/25/10 10:00:00,07/25/10 11:00:00,1
AmazonS3,StandardStorage,StorageObjectCount,atetlaw-sitepoint-book-thumbs,07/25/10 10:00:00,07/25/10 11:00:00,23
AmazonS3,StandardStorage,StorageObjectCount,atetlaw-sitepoint-book,07/25/10 10:00:00,07/25/10 11:00:00,111
AmazonS3,StandardStorage,TimedStorage-ByteHrs,testing-sitepoint-book,07/25/10 10:00:00,07/25/10 11:00:00,9480
AmazonS3,StandardStorage,TimedStorage-ByteHrs,atetlaw-sitepoint-book-thumbs,07/25/10 10:00:00,07/25/10 11:00:00,43147248
AmazonS3,StandardStorage,TimedStorage-ByteHrs,atetlaw-sitepoint-book,07/25/10 10:00:00,07/25/10 11:00:00,14505443952
AmazonS3,ListBucket,Requests-Tier1,atetlaw-sitepoint-book,07/26/10 02:00:00,07/26/10 03:00:00,1
AmazonS3,ListBucket,DataTransfer-Out-Bytes,atetlaw-sitepoint-book,07/26/10 02:00:00,07/26/10 03:00:00,39504
AmazonS3,ListBucket,Requests-Tier1,atetlaw-sitepoint-book,07/26/10 03:00:00,07/26/10 04:00:00,1
AmazonS3,ListAllMyBuckets,Requests-Tier1,,07/26/10 03:00:00,07/26/10 04:00:00,1
AmazonS3,ListBucket,DataTransfer-Out-Bytes,atetlaw-sitepoint-book,07/26/10 03:00:00,07/26/10 04:00:00,39504
AmazonS3,ListAllMyBuckets,DataTransfer-Out-Bytes,,07/26/10 03:00:00,07/26/10 04:00:00,1382
AmazonS3,ListAllMyBuckets,Requests-Tier1,,07/26/10 05:00:00,07/26/10 06:00:00,2
AmazonS3,ListAllMyBuckets,DataTransfer-Out-Bytes,,07/26/10 05:00:00,07/26/10 06:00:00,2764
AmazonS3,StandardStorage,TimedStorage-ByteHrs,atetlaw-sitepoint-book-thumbs,07/26/10 13:00:00,07/26/10 14:00:00,43147248
AmazonS3,StandardStorage,TimedStorage-ByteHrs,atetlaw-sitepoint-book,07/26/10 13:00:00,07/26/10 14:00:00,14505443952
AmazonS3,StandardStorage,StorageObjectCount,testing-sitepoint-book,07/26/10 13:00:00,07/26/10 14:00:00,1
AmazonS3,StandardStorage,StorageObjectCount,atetlaw-sitepoint-book-thumbs,07/26/10 13:00:00,07/26/10 14:00:00,23
AmazonS3,StandardStorage,StorageObjectCount,atetlaw-sitepoint-book,07/26/10 13:00:00,07/26/10 14:00:00,111
AmazonS3,StandardStorage,TimedStorage-ByteHrs,testing-sitepoint-book,07/26/10 13:00:00,07/26/10 14:00:00,9480
AmazonS3,PutObject,Requests-Tier1,atetlaw-sitepoint-book,07/27/10 06:00:00,07/27/10 07:00:00,2
AmazonS3,PutObject,DataTransfer-In-Bytes,atetlaw-sitepoint-book,07/27/10 06:00:00,07/27/10 07:00:00,137610
AmazonS3,CreateBucket,Requests-Tier1,s3hub-9d89a8ecabeedc68ff2c6c0a4bf5c6cac2d037c1bdd6b820d92e368a7,07/27/10 09:00:00,07/27/10 10:00:00,1
AmazonS3,HeadObject,Requests-Tier2,s3hub-9d89a8ecabeedc68ff2c6c0a4bf5c6cac2d037c1bdd6b820d92e368a7,07/27/10 09:00:00,07/27/10 10:00:00,1
AmazonS3,GetObject,DataTransfer-Out-Bytes,atetlaw-sitepoint-book,07/27/10 09:00:00,07/27/10 10:00:00,8797328
AmazonS3,ReadACL,DataTransfer-Out-Bytes,atetlaw-sitepoint-book,07/27/10 09:00:00,07/27/10 10:00:00,1316
AmazonS3,GetObject,Requests-Tier2,atetlaw-sitepoint-book,07/27/10 09:00:00,07/27/10 10:00:00,67
AmazonS3,PutObject,DataTransfer-In-Bytes,atetlaw-sitepoint-book,07/27/10 09:00:00,07/27/10 10:00:00,22418566
AmazonS3,PutObject,DataTransfer-Out-Bytes,atetlaw-sitepoint-book,07/27/10 09:00:00,07/27/10 10:00:00,803
AmazonS3,PutObject,Requests-Tier1,atetlaw-sitepoint-book,07/27/10 09:00:00,07/27/10 10:00:00,136
AmazonS3,ListBucket,DataTransfer-Out-Bytes,atetlaw-sitepoint-book,07/27/10 09:00:00,07/27/10 10:00:00,60215
AmazonS3,ListBucket,Requests-Tier1,atetlaw-sitepoint-book,07/27/10 09:00:00,07/27/10 10:00:00,3
AmazonS3,ListAllMyBuckets,DataTransfer-Out-Bytes,,07/27/10 09:00:00,07/27/10 10:00:00,1382
AmazonS3,ListAllMyBuckets,Requests-Tier1,,07/27/10 09:00:00,07/27/10 10:00:00,1
AmazonS3,ReadACL,Requests-Tier2,atetlaw-sitepoint-book,07/27/10 09:00:00,07/27/10 10:00:00,2
AmazonS3,HeadObject,DataTransfer-Out-Bytes,s3hub-9d89a8ecabeedc68ff2c6c0a4bf5c6cac2d037c1bdd6b820d92e368a7,07/27/10 09:00:00,07/27/10 10:00:00,269
AmazonS3,StandardStorage,TimedStorage-ByteHrs,atetlaw-sitepoint-book,07/27/10 10:00:00,07/27/10 11:00:00,14505443952
AmazonS3,StandardStorage,StorageObjectCount,testing-sitepoint-book,07/27/10 10:00:00,07/27/10 11:00:00,1
AmazonS3,StandardStorage,StorageObjectCount,atetlaw-sitepoint-book-thumbs,07/27/10 10:00:00,07/27/10 11:00:00,23
AmazonS3,StandardStorage,StorageObjectCount,atetlaw-sitepoint-book,07/27/10 10:00:00,07/27/10 11:00:00,111
AmazonS3,StandardStorage,TimedStorage-ByteHrs,testing-sitepoint-book,07/27/10 10:00:00,07/27/10 11:00:00,9480
AmazonS3,StandardStorage,TimedStorage-ByteHrs,atetlaw-sitepoint-book-thumbs,07/27/10 10:00:00,07/27/10 11:00:00,43147248
AmazonS3,GetObject,Requests-Tier2,atetlaw-sitepoint-book,07/27/10 11:00:00,07/27/10 12:00:00,58
AmazonS3,PutObject,Requests-Tier1,atetlaw-sitepoint-book,07/27/10 11:00:00,07/27/10 12:00:00,38
AmazonS3,GetObject,DataTransfer-Out-Bytes,atetlaw-sitepoint-book,07/27/10 11:00:00,07/27/10 12:00:00,3296834
AmazonS3,PutObject,DataTransfer-In-Bytes,atetlaw-sitepoint-book,07/27/10 11:00:00,07/27/10 12:00:00,3766438
AmazonS3,GetObject,Requests-Tier2,atetlaw-sitepoint-book,07/27/10 12:00:00,07/27/10 13:00:00,144
AmazonS3,PutObject,Requests-Tier1,atetlaw-sitepoint-book,07/27/10 12:00:00,07/27/10 13:00:00,211
AmazonS3,GetObject,DataTransfer-Out-Bytes,atetlaw-sitepoint-book,07/27/10 12:00:00,07/27/10 13:00:00,15838659
AmazonS3,PutObject,DataTransfer-In-Bytes,atetlaw-sitepoint-book,07/27/10 12:00:00,07/27/10 13:00:00,42435539
AmazonS3,StandardStorage,StorageObjectCount,atetlaw-sitepoint-book,07/28/10 10:00:00,07/28/10 11:00:00,132
AmazonS3,StandardStorage,TimedStorage-ByteHrs,testing-sitepoint-book,07/28/10 10:00:00,07/28/10 11:00:00,9480
AmazonS3,StandardStorage,TimedStorage-ByteHrs,atetlaw-sitepoint-book-thumbs,07/28/10 10:00:00,07/28/10 11:00:00,43147248
AmazonS3,StandardStorage,TimedStorage-ByteHrs,atetlaw-sitepoint-book,07/28/10 10:00:00,07/28/10 11:00:00,14594597712
AmazonS3,StandardStorage,StorageObjectCount,testing-sitepoint-book,07/28/10 10:00:00,07/28/10 11:00:00,1
AmazonS3,StandardStorage,StorageObjectCount,atetlaw-sitepoint-book-thumbs,07/28/10 10:00:00,07/28/10 11:00:00,23
AmazonS3,ListAllMyBuckets,Requests-Tier1,,07/29/10 05:00:00,07/29/10 06:00:00,5
AmazonS3,ListAllMyBuckets,DataTransfer-Out-Bytes,,07/29/10 05:00:00,07/29/10 06:00:00,6885
