<?xml version="1.0"?>
<rss version="0.91">
	<channel>
		<title>Ecommerce Development</title>
		<description>If it's about ecommerce and Web development, we'll write about it!</description>
		<link>http://www.tripledogdaremedia.com/articles/</link>
		<item>
			<title>Making PHP work with PayPal</title>
			<description>Everything you need to know to create PHP scripts that are PayPal friendly.</description>
			<link>http://www.tripledogdaremedia.com/articles/paypal-php.html</link>
		</item>
	</channel>
</rss>