<Advertisements>
	<Ad>
		<ImageUrl>workatdorknozzle.gif</ImageUrl>
		<NavigateUrl>http://www.dorknozzle.com</NavigateUrl>
		<TargetUrl>_blank</TargetUrl>
		<AlternateText>Work at Dorknozzle.com!</AlternateText>
		<Keyword>HR Sites</Keyword>
		<Impressions>2</Impressions>
	</Ad>
	<Ad>
		<ImageUrl>getthenewsletter.gif</ImageUrl>
		<NavigateUrl>http://www.dorknozzle.com</NavigateUrl>
		<TargetUrl>_blank</TargetUrl>
		<AlternateText>Get the Nozzle Newsletter!</AlternateText>
		<Keyword>Marketing Sites</Keyword>
		<Impressions>1</Impressions>
	</Ad>
</Advertisements>