<?xml version="1.0" encoding="iso-8859-1"?>
<admins>
	<admin id="1">
		<name>Joe</name>
		<username>joe</username>
		<password>$1$064.HQ..$x912OhlIlHFylTPJmJR/k/</password>
		<email>joe@myerman.com</email>
	</admin>
	<admin id="2">
		<name>Bill</name>
		<username>bill</username>
		<password>$1$Ep5.7h4.$R6iGqy.Wj2Dz8SAE9WG3l0</password>
		<email>bill@myerman.com</email>
	</admin>
	<admin id="3">
		<name>Tom</name>
		<username>tom</username>
		<password>$1$Cl/.j3..$QcjxGtxqYx0VNp3QanGnP0</password>
		<email>tom@myerman.com</email>
	</admin>
</admins>
