<?xml version="1.0" encoding="iso-8859-1"?>
<authors>
	<author id="1">
		<name>Thomas Myer</name>
		<byline>myerman</byline>
		<email>tom@tripledogdaremedia.com</email>
	</author>
	<author id="2">
		<name>Joe Blow</name>
		<byline>joe</byline>
		<email>joe@example.com</email>
	</author>
	<author id="3">
		<name>Bill</name>
		<byline>bill</byline>
		<email>bill@example.com</email>
	</author>
<author id="4"><name>Kevin Yank</name><byline>kev</byline><email>kevin@sitepoint.com</email></author></authors>
