<?xml version="1.0"?>
<news id="news20050630160607"><authorid>1</authorid><categoryid>6</categoryid><headline>"No Nonsense XML Web Development With PHP" Published by SitePoint</headline><url>http://www.sitepoint.com/books/xml1</url><description>SitePoint Pty. Ltd. today announced the publication of "No Nonsense XML Web Development With PHP", by Thomas Myer. The ninth in its series of books for Web developers, this title takes the reader on a whirlwind tour of the basic XML tecnologies, including XSLT, XPath, DOM, and SAX.</description><pubdate>2005-06-30</pubdate><status>live</status><keywords>xml sitepoint book</keywords></news>
