<?xml version="1.0"?>
<webcopy id="webcopy20050630153940"><headline>ColdFusion</headline><navigationlabel>CF</navigationlabel><description>For the Web desginer who has never written a program before, the choice of server-side Web development platform can be a dreaded one. Whichever way you go, you're faced with an big, evil programming language to learn and your head just starts to ache... Originally created by Allaire in 1995 and recently bought out by Macromedia, ColdFusion was designed to be different. Instead of a scripting language, ColdFusion gives you a set of tags to learn. Yes, tags -- just like those HTML tags you've come to know and love!</description><pubdate>2005-06-30</pubdate><status>live</status><body><![CDATA[<p>Let's take the example of publishing information stored in a database on the Web. With the vast majority of server-side languages, you need to add code to your Web page to break out of HTML mode, connect to the database, request the entries from the database that you want to display, and process the results that the database sends you to display it as part of the Web page. In ColdFusion, this common task is done with two tags: a <code>&lt;CFQUERY></code> tag, the attributes of which give the query a name and indicate what information to retrieve from which database. A second tag, <code>&lt;CFOUTPUT></code> refers to the query and lets you use standard HTML to format and display the results of the query.</p>

<p>To the experienced programmer, this tag-based system may sound restrictive and inflexible, but with a built-in library of over 300 tags in the latest version, and the ability to add custom tags with more traditional programming languages like C/C++ and Java, ColdFusion is <em>anything</em> but restrictive. ColdFusion 5.0 includes tags that automatically generate graphs from database data, seamlessly provide search facilities on your Website, and even generate HTML forms with full JavaScript validation code. For the desginer who is forced to acquire server-side skills, ColdFusion comes with the utopian promise of only having to learn a few new tags!</p>

<p>ColdFusion is a commercial server platform, which means it will cost you money to run it whether you set up your own server or rent space on a Web hosting provider. Unlike ASP.NET, however, ColdFusion is not tied to the Windows platform. ColdFusion can integrate just as easily with Apache running under Linux as it can with IIS on Windows 2000.</p>

<h2>Advantages</h2>
<ul>
  <li>Extremely easy to learn -- no programming required!</li>
  <li>Powerful and very scalable (latest version has support for both software- and hardware-based server clustering)</li>
  <li>Professional Support from Macromedia.</li>
  <li>Cross platform.</li>
</ul>

<h2>Drawbacks</h2>
<ul>
  <li>Expensive to set up your own server: ColdFusion Server Professional 5.0 costs $1,295</li>
  <li>Programmers may not like the tag-based development methods.</li>
</ul>

<h2>Target Developer</h2>

<p>Web designers who are comfortable with HTML but need to add server-side skills to their repertoire without having to learn a programming language. From the average developer's point of view, learning ColdFusion is just like learning some new tags. Non-designers are also likely to warm up to the neatness of server-side programming with tags, so if you're tired of debugging your server-side scripts, ColdFusion might be worth a look!</p>]]></body></webcopy>
