<?xml version="1.0"?>
<webcopy id="webcopy20050630155623"><headline>Contact Us</headline><navigationlabel>Contact</navigationlabel><description>SitePoint Pty. Ltd., Empowering Web Developers Since 1997.</description><pubdate>2005-06-30</pubdate><status>live</status><body><![CDATA[<p>The content on this sample website is derived from the article <a href="http://www.sitepoint.com/article/server-side-language-right"><cite>Which Server-Side Language Is Right For You?</cite></a> by Kevin Yank, SitePoint Pty. Ltd.</p>

<p>You can contact Kevin Yank at <a href="mailto:kevin@sitepoint.com">kevin@sitepoint.com</a>.</p>]]></body></webcopy>
