<catalog>
  <cd>
    <title>Suffer</title>
    <artist>Bad Religion</artist>
    <country>USA</country>
    <company>Epitaph</company>
    <price>10.99</price>
    <year>1987</year>
  </cd>
  <cd>
    <title>No Control</title>
    <artist>Bad Religion</artist>
    <country>USA</country>
    <company>Epitaph</company>
    <price>10.99</price>
    <year>1989</year>
  </cd>
  <cd>
    <title>Against The Grain</title>
    <artist>Bad Religion</artist>
    <country>USA</country>
    <company>Epitaph</company>
    <price>10.99</price>
    <year>1990</year>
  </cd>
  <cd>
    <title>Generator</title>
    <artist>Bad Religion</artist>
    <country>USA</country>
    <company>Epitaph</company>
    <price>10.99</price>
    <year>1992</year>
  </cd>
</catalog>